{
  "description": "Postal Address",
  "type": "object",
  "properties": {
    "StreetName": {
      "description": "Name of a street or thoroughfare",
      "$ref": "max_70_text.json"
    },
    "BuildingNumberOrName": {
      "description": "Number or Name that identifies the position of a building on a street",
      "$ref": "max_350_text.json"
    },
    "PostCode": {
      "description": "Identifier consisting of a group of letters and/or numbers that is added to a postal address to assist the sorting of mail",
      "$ref": "max_16_text.json"
    },
    "OptionalAddressField": {
      "description": "Directions for customers",
      "$ref": "max_350_text.json"
    },
    "TownName": {
      "description": "Name of a built-up area, with defined boundaries, and a local government",
      "$ref": "max_35_text.json"
    },
    "CountrySubDivision": {
      "description": "Identifies a subdivision of a country such as state, region, county",
      "$ref": "max_35_text.json"
    },
    "Country": {
      "description": "Nation with its own government",
      "$ref": "country_code.json"
    }
  },
  "required": [
    "Country"
  ],
  "additionalProperties": false
}
