{
  "title": "Account Request POST request",
  "description": "Allows setup of an account access request",
  "type": "object",
  "properties": {
    "Permissions": {
       "$ref": "../definitions/account_request/permissions.json"
    },
    "PermissionsExpirationDateTime": {
      "description": "Specified date and time the permissions will expire. If this is not populated, the permissions will be open ended.",
      "type": "string",
      "format": "date-time"
    },
    "TransactionFromDateTime": {
      "description": "Specified start date and time for the transaction query period. If this is not populated, the start date will be open ended, and data will be returned from the earliest available transaction.",
      "type": "string",
      "format": "date-time"
    },
    "TransactionToDateTime": {
      "description": "Specified end date and time for the transaction query period. If this is not populated, the end date will be open ended, and data will be returned to the latest available transaction.",
      "type": "string",
      "format": "date-time"
    },
    "SelectedAccounts": {
      "description": "Provides account and servicer identification details for the account information request.",
      "type": "array",
      "items": {
        "$ref": "../definitions/common/cash_account_and_branch_identification.json"
      }
    }
  },
  "additionalProperties": false,
  "required": [
    "Permissions"
  ]
}
