{
  "type": "object",
  "title": "StandingOrder",
  "description": "Standing Order",
  "properties": {
    "AccountId": {
      "description": "The date on which the first payment for a Standing Order schedule will be made.",
      "$ref": "../accounts/account_id.json"
    },
    "StandingOrderId": {
      "$ref": "standing_order_id.json"
    },
    "Frequency": {
      "description": "EvryWorkgDay - PSC070 IntrvlWkDay:PSC110:PSC080 (PSC070 code + PSC110 + PSC080) WkInMnthDay:PSC100:PSC080 (PSC070 code + PSC100 + PSC080) IntrvlMnthDay:PSC120:PSC090 (PSC070 code + PSC120 + PSC090) QtrDay: + either (ENGLISH, SCOTTISH or RECEIVED) PSC070 + PSC130 The following response codes may be generated by this data element: PSC070: T221 - Schedule code must be a valid enumeration value. PSC070: T245 - Must be provided for standing order only. PSC080: T222 - Day in week must be within defined bounds (range 1 to 5). PSC080: T229 - Must be present if Schedule Code = IntrvlWkDay. PSC080: T231 - Must be present if Schedule Code = WkInMnthDay. PSC090: T223 - Day in month must be within defined bounds (range -5 to 31 excluding: 0 & 00). PSC090: T233 - Must be present if Schedule Code = IntrvlMnthDay. PSC100: T224 - Week in month must be within defined bounds (range 1 to 5). PSC100: T232 - Must be present if Schedule Code = WkInMnthDay. PSC110: T225 - Interval in weeks must be within defined bounds (range 1 to 9). PSC110: T230 - Must be present if Schedule Code = IntrvlWkDay. PSC120: T226 - Interval in months must be a valid enumeration value (range 1 to 6, 12 and 24). PSC120: T234 - Must be present if Schedule Code = IntrvlMnthDay. PSC130: T227 - Quarter Day must be a valid enumeration value. PSC130: T235 - Must be present if Schedule Code = QtrDay. The regular expression for this element combines five smaller versions for each permitted pattern. To aid legibility - the components are presented individually here: EvryWorkgDay IntrvlWkDay:0[1-9]:0[1-5] WkInMnthDay:0[1-5]:0[1-5] IntrvlMnthDay:(0[1-6]|12|24):(-0[1-5]|0[1-9]|[12][0-9]|3[01]) QtrDay:(ENGLISH|SCOTTISH|RECEIVED) Mandatory/Conditional/Optional/Parent/Leaf: OL Type: 35 char string Regular Expression(s): (EvryWorkgDay)|(IntrvlWkDay:0[1-9]:0[1-5])|(WkInMnthDay:0[1-5]:0[1-5])|(IntrvlMnthDay:(0[1- 6]|12|24):(-0[1-5]|0[1-9]|[12][0-9]|3[01]))|(QtrDay:(ENGLISH|SCOTTISH|RECEIVED))",
      "type": "string",
      "pattern": "^((EvryWorkgDay)|(IntrvlWkDay:0[1-9]:0[1-5])|(WkInMnthDay:0[1-5]:0[1-5])|(IntrvlMnthDay:(0[1-6]|12|24):(-0[1-5]|0[1-9]|[12][0-9]|3[01]))|(QtrDay:(ENGLISH|SCOTTISH|RECEIVED)))$"
    },
    "Reference": {
      "description": "Unique reference, as assigned by the creditor, to unambiguously refer to the payment transaction. Usage: If available, the initiating party should provide this reference in the structured remittance information, to enable reconciliation by the creditor upon receipt of the amount of money. If the business context requires the use of a creditor reference or a payment remit identification, and only one identifier can be passed through the end-to-end chain, the creditor's reference or payment remittance identification should be quoted in the end-to-end transaction identification.",
      "$ref": "../common/max_35_text.json"
    },
    "FirstPaymentDateTime": {
      "description": "The date on which the first payment for a Standing Order schedule will be made.",
      "type": "string",
      "format": "date-time"
    },
    "FirstPaymentAmount": {
      "description": "The amount of the first Standing Order",
      "$ref": "../common/active_or_historic_currency_code_and_amount.json"
    },
    "NextPaymentDateTime": {
      "description": "The date on which the next payment for a Standing Order schedule will be made.",
      "type": "string",
      "format": "date-time"
    },
    "NextPaymentAmount": {
      "description": "The amount of the next Standing Order",
      "$ref": "../common/active_or_historic_currency_code_and_amount.json"
    },
    "FinalPaymentDateTime": {
      "description": "The date on which the final payment for a Standing Order schedule will be made.",
      "type": "string",
      "format": "date-time"
    },
    "FinalPaymentAmount": {
      "description": "The amount of the final Standing Order",
      "$ref": "../common/active_or_historic_currency_code_and_amount.json"
    },
    "Servicer": {
      "$ref": "../common/ob_branch_and_financial_institution_identification.json"
    },
    "CreditorAccount": {
      "description": "Provides the details to identify the beneficiary account.",
      "$ref": "../common/creditor_cash_account.json"
    }
  },
  "required": [
    "AccountId",
    "Frequency",
    "NextPaymentDateTime",
    "NextPaymentAmount"
  ],
  "additionalProperties": false
}
