{
  "type": "object",
  "properties": {
    "Data": {
      "title": "Data",
      "$ref": "../account_request/response.json"
    },
    "Risk": {
      "title": "Risk",
      "$ref": "../account_request/risk.json"
    },
    "Links": {
      "title": "Links",
      "$ref": "../common/links_self.json"
    },
    "Meta": {
      "title": "MetaData",
      "$ref": "../common/meta.json"
    }
  },
  "additionalProperties": false,
  "required": [
    "Data",
    "Risk",
    "Links",
    "Meta"
  ]
}
