{
  "type": "object",
  "properties": {
    "Data": {
      "title": "Data",
      "description": "Data",
      "type": "object",
      "properties": {
        "StandingOrder": {
          "title": "StandingOrder",
          "description": "StandingOrder",
          "type": "array",
          "items": {
            "$ref": "../standing_orders/standing_order.json"
          },
          "additionalProperties": false
        }
      }
    },
    "Links": {
      "title": "Links",
      "$ref": "../common/links_self.json"
    },
    "Meta": {
      "title": "MetaData",
      "$ref": "../common/meta.json"
    }
  },
  "additionalProperties": false,
  "required": [
    "Data",
    "Links",
    "Meta"
  ]
}
