{
  "type": "object",
  "properties": {
    "AccountId": {
      "description": "A unique and immutable identifier used to identify the account resource. This identifier has no meaning to the account owner.",
      "$ref": "./account_id.json"
    },
    "Amount": {
      "description": "Amount of money of the cash balance.",
      "$ref": "../common/active_or_historic_currency_code_and_amount.json"
    },
    "CreditDebitIndicator": {
      "$ref": "./balances/credit_debit_code.json"
    },
    "Type": {
      "$ref": "./balances/balance_type_code.json"
    },
    "Date": {
      "description": "Indicates the date (and time) of the balance.",
      "$ref": "../common/date_and_date_time_choice.json"
    },
    "CreditLine": {
      "$ref": "./balances/credit_line.json"
    }
  },
  "additionalProperties": false,
  "required": [
    "AccountId",
    "Amount",
    "CreditDebitIndicator",
    "Type"
  ]
}
