{
  "description": "Details of the merchant involved in the transaction.",
  "type": "object",
  "properties": {
    "MerchantName": {
      "description": "Name by which the merchant is known.",
      "$ref": "../../common/max_350_text.json"
    },
    "MerchantCategoryCode": {
      "description": "Category code conform to ISO 18245, related to the type of services or goods the merchant provides for the transaction.",
      "$ref": "../../common/min3_max4_text.json"
    }
  },
  "additionalProperties": false
}
