{
  "description": "Party that manages the account on behalf of the account owner, that is manages the registration and booking of entries on the account, calculates balances on the account and provides information about the account. This is the servicer of the beneficiary account",
  "type": "object",
  "properties": {
    "SchemeName": {
      "$ref": "ob_external_financial_institution_identification_code.json"
    },
    "Identification": {
      "description": "Unique and unambiguous identification of the servicing institution.",
      "$ref": "max_35_text.json"
    }
  },
  "required": [
    "SchemeName",
    "Identification"
  ],
  "additionalProperties": false
}
