{
  "type": "object",
  "title": "StandingOrder",
  "description": "Standing Order",
  "properties": {
    "AccountId": {
      "description": "A unique and immutable identifier used to identify the account resource. This identifier has no meaning to the account owner.",
      "$ref": "../accounts/account_id.json"
    },
    "StandingOrderId": {
      "$ref": "standing_order_id.json"
    },
    "Frequency": {
      "description": "EvryDay - Every day\nEvryWorkgDay - Every working day\nIntrvlWkDay - An interval specified in weeks (01 to 09), and the day within the week (01 to 07)\nWkInMnthDay - A monthly interval, specifying the week of the month (01 to 05) and day within the week (01 to 07)\nIntrvlMnthDay - An interval specified in months (between 01 to 06, 12, 24), specifying the day within the month (-5 to -1, 1 to 31)\nQtrDay - Quarterly (either ENGLISH, SCOTTISH, or RECEIVED)\nPatterns: \nEvryDay (ScheduleCode)\nEvryWorkgDay (ScheduleCode)\nIntrvlWkDay:IntervalInWeeks:DayInWeek (ScheduleCode + IntervalInWeeks + DayInWeek)\nWkInMnthDay:WeekInMonth:DayInWeek (ScheduleCode + WeekInMonth + DayInWeek)\nIntrvlMnthDay:IntervalInMonths:DayInMonth (ScheduleCode + IntervalInMonths + DayInMonth)\nQtrDay: + either (ENGLISH, SCOTTISH or RECEIVED) ScheduleCode + QuarterDay\n\nThe regular expression for this element combines five smaller versions for each permitted pattern. To aid legibility - the components are presented individually here:\nEvryDay\nEvryWorkgDay\nIntrvlWkDay:0[1-9]:0[1-7]\nWkInMnthDay:0[1-5]:0[1-7]\nIntrvlMnthDay:(0[1-6]|12|24):(-0[1-5]|0[1-9]|[12][0-9]|3[01])\nQtrDay:(ENGLISH|SCOTTISH|RECEIVED)\n",
      "type": "string",
      "pattern": "^(EvryDay)$|^(EvryWorkgDay)$|^(IntrvlWkDay:0[1-9]:0[1-7])$|^(WkInMnthDay:0[1-5]:0[1-7])$|^(IntrvlMnthDay:(0[1-6]|12|24):(-0[1-5]|0[1-9]|[12][0-9]|3[01]))$|^(QtrDay:(ENGLISH|SCOTTISH|RECEIVED))$"
    },
    "Reference": {
      "description": "Unique reference, as assigned by the creditor, to unambiguously refer to the payment transaction. Usage: If available, the initiating party should provide this reference in the structured remittance information, to enable reconciliation by the creditor upon receipt of the amount of money. If the business context requires the use of a creditor reference or a payment remit identification, and only one identifier can be passed through the end-to-end chain, the creditor's reference or payment remittance identification should be quoted in the end-to-end transaction identification.",
      "$ref": "../common/max_35_text.json"
    },
    "FirstPaymentDateTime": {
      "description": "The date on which the first payment for a Standing Order schedule will be made. \nAll dates in the JSON payloads are represented in ISO 8601 date-time format. \nAll date-time fields in responses must include the timezone. An example is below:\n2017-04-05T10:43:07+00:00",
      "type": "string",
      "format": "date-time"
    },
    "FirstPaymentAmount": {
      "description": "The amount of the first Standing Order",
      "$ref": "../common/active_or_historic_currency_code_and_amount.json"
    },
    "NextPaymentDateTime": {
      "description": "The date on which the next payment for a Standing Order schedule will be made. \nAll dates in the JSON payloads are represented in ISO 8601 date-time format. \nAll date-time fields in responses must include the timezone. An example is below:\n2017-04-05T10:43:07+00:00",
      "type": "string",
      "format": "date-time"
    },
    "NextPaymentAmount": {
      "description": "The amount of the next Standing Order",
      "$ref": "../common/active_or_historic_currency_code_and_amount.json"
    },
    "FinalPaymentDateTime": {
      "description": "The date on which the final payment for a Standing Order schedule will be made. \nAll dates in the JSON payloads are represented in ISO 8601 date-time format. \nAll date-time fields in responses must include the timezone. An example is below:\n2017-04-05T10:43:07+00:00",
      "type": "string",
      "format": "date-time"
    },
    "FinalPaymentAmount": {
      "description": "The amount of the final Standing Order",
      "$ref": "../common/active_or_historic_currency_code_and_amount.json"
    },
    "Servicer": {
      "$ref": "../common/ob_branch_and_financial_institution_identification.json"
    },
    "CreditorAccount": {
      "description": "Provides the details to identify the beneficiary account.",
      "$ref": "../common/creditor_cash_account.json"
    }
  },
  "required": [
    "AccountId",
    "Frequency",
    "NextPaymentDateTime",
    "NextPaymentAmount"
  ],
  "additionalProperties": false
}
