{
  "type": "object",
  "title": "Beneficiary",
  "description": "Beneficiary",
  "properties": {
    "AccountId": {
      "description": "A unique and immutable identifier used to identify the account resource. This identifier has no meaning to the account owner.",
      "$ref": "../accounts/account_id.json"
    },
    "BeneficiaryId": {
      "description": "A unique and immutable identifier used to identify the beneficiary resource. This identifier has no meaning to the account owner.",
      "$ref": "beneficiary_id.json"
    },
    "Reference": {
      "description": "Unique reference, as assigned by the creditor, to unambiguously refer to the payment transaction. Usage: If available, the initiating party should provide this reference in the structured remittance information, to enable reconciliation by the creditor upon receipt of the amount of money. If the business context requires the use of a creditor reference or a payment remit identification, and only one identifier can be passed through the end-to-end chain, the creditor's reference or payment remittance identification should be quoted in the end-to-end transaction identification.",
      "$ref": "../common/max_35_text.json"
    },
    "Servicer": {
      "description": "Party that manages the account on behalf of the account owner, that is manages the registration and booking of entries on the account, calculates balances on the account and provides information about the account. This is the servicer of the beneficiary account.",
      "$ref": "../common/ob_branch_and_financial_institution_identification.json"
    },
    "CreditorAccount": {
      "description": "Provides the details to identify the beneficiary account.",
      "$ref": "../common/creditor_cash_account.json"
    }
  },
  "additionalProperties": false
}
