{
  "type": "object",
  "properties": {
    "SchemeName": {
      "description": "Name of the identification scheme, in a coded form as published in an external list.",
       "$ref": "external_account_identification_code_2.json"
     },
     "Identification": {
       "description": "Identification assigned by an institution to identify an account. This identification is known by the account owner.",
       "$ref": "../common/max_34_text.json"
     },
     "Name": {
       "description": "Name of the account, as assigned by the account servicing institution, in agreement with the account owner in order to provide an additional means of identification of the account. Usage: The account name is different from the account owner name. The account name is used in certain user communities to provide a means of identifying the account, in addition to the account owner's identity and the account number.",
       "$ref": "../common/max_70_text.json"
     },
     "SecondaryIdentification": {
       "description": "This is secondary identification of the account, as assigned by the account servicing institution.  This can be used by building societies to additionally identify accounts with a roll number (in addition to a sort code and account number combination).",
       "$ref": "../common/max_34_text.json"
     }
    },
  "required": [
    "SchemeName",
    "Identification"
  ],
  "additionalProperties": false
}
