{
  "type": "object",
  "description": "Meta Data relevant to the payload",
  "properties": {
    "TotalPages": {
      "type": "integer",
      "format": "int32"
    },
    "FirstAvailableDateTime": {
      "description": " \nAll dates in the JSON payloads are represented in ISO 8601 date-time format. \nAll date-time fields in responses must include the timezone. An example is below:\n2017-04-05T10:43:07+00:00",
      "type": "string",
      "format": "date-time"
    },
    "LastAvailableDateTime": {
      "description": " \nAll dates in the JSON payloads are represented in ISO 8601 date-time format. \nAll date-time fields in responses must include the timezone. An example is below:\n2017-04-05T10:43:07+00:00",
      "type": "string",
      "format": "date-time"
    }
  },
  "additionalProperties": false
}
