{
  "type": "object",
  "properties": {
    "readDebits": {
      "type": "boolean",
      "description": "Allow read access to debit transactions for one or more accounts"
    },
    "readCredits": {
      "type": "boolean",
      "description": "Allow read access to credit transactions for one or more accounts"
    },
    "readDescriptions": {
      "type": "boolean",
      "description": "Allow read access to transactions descriptions for one or more accounts"
    },
    "readFromDate": {
      "type": "string",
      "format": "date-time",
      "description": "Allow read access to all transactions starting from the specified date. \nAll dates in the JSON payloads are represented in ISO 8601 date-time format. \nAll date-time fields in responses must include the timezone. An example is below:\n2017-04-05T10:43:07+00:00",
    },
    "readToDate": {
      "type": "string",
      "format": "date-time",
      "description": "Allow read access to all transactions ending on the specified date, if not provided. \nAll dates in the JSON payloads are represented in ISO 8601 date-time format. \nAll date-time fields in responses must include the timezone. An example is below:\n2017-04-05T10:43:07+00:00",
    }
  },
  "required": [
    "readFromDate",
    "readToDate"
  ],
  "minProperties": 3,
  "additionalProperties": false
}
